-- Insert into user table
INSERT INTO user (firstname, lastname, email, password, role, team_id, work_schedule, member_quota, locked, enabled) VALUES ('Samiha', 'Draa', 'sam@myCompany.com', '$2y$13$fX5AV/NJ5aQqK5nD45.dr.lSc9vwjsqCSulq4ATPwfMJcp2Tq2fKK', 'USER',4,'FULL_TIME', 2.5, FALSE, TRUE);
INSERT INTO user (firstname, lastname, email, password, role, team_id, work_schedule, member_quota, locked, enabled) VALUES ('Adam', 'Doum', 'doum@myCompany.com', '$2y$13$SLXpPJGaCAbCvZ4D6vVRE.vPNtqOPp6PreQ3bJDQhF3Q3t/hOlYTe', 'MANAGER',5,'FULL_TIME', 2.5 ,FALSE, TRUE);
INSERT INTO user (firstname, lastname, email, password, role, team_id, work_schedule, member_quota, locked, enabled) VALUES ('Hicham', 'Doum', 'hich@myCompany.com', '$2y$12$eicso7hJJFeu162LWkvko.qUjSiEloVg0coLbuJ5ozSXSTLSz9wq6', 'USER',5, 'HALF_TIME', 1, FALSE, TRUE);
INSERT INTO user (firstname, lastname, email, password, role, team_id, work_schedule, member_quota, locked, enabled) VALUES ('Jean', 'Michel', 'michel@myCompany.com', '$2y$12$9RD7TLkmTKy1uySkRFn0oOTsQmYiuF6mB73Xv5xF1wuHmWAFT6l5u', 'MANAGER',4,'FULL_TIME', 2.5,  FALSE, TRUE);
INSERT INTO user (firstname, lastname, email, password, role, team_id, work_schedule, member_quota, locked, enabled) VALUES ('Lucas', 'Peeters', 'lucas@myCompany.com', '$2y$12$XWMSO1F09b/9M9gbWmvowuaP6nk.ozI5vUjhYaqNwjJPLbOQuFaL6', 'USER', 4, 'HALF_TIME', 1, FALSE, TRUE);
INSERT INTO user (firstname, lastname, email, password, role, team_id, work_schedule, member_quota, locked, enabled) VALUES ('Emma', 'Janssens', 'emma@myCompany.com', '$2y$12$6X3ist9YGcuEVt8q..kO6enifGUk6fEkIQ6l3OOtyOAX4G7oSKA86', 'USER', 4, 'FOUR_FIFTHS', 2, FALSE, TRUE);
INSERT INTO user (firstname, lastname, email, password, role, team_id, work_schedule, member_quota, locked, enabled) VALUES ('Lina', 'Marzouk', 'lina@myCompany.com', '$2y$13$XXYYZZAABBCCDD.EEFfghijkLMNOPQRST.UVWxyz12345678', 'USER', 4, 'FULL_TIME', 2.5, FALSE, TRUE);
INSERT INTO user (firstname, lastname, email, password, role, team_id, work_schedule, member_quota, locked, enabled) VALUES ('Karim', 'El Aynaoui', 'karim@myCompany.com', '$2y$12$/TAgHo8zKMNuGloro44B9OWkhXOaSlY97OqfEV2pakfJnUYO42puC', 'USER', 4, 'HALF_TIME', 1, FALSE, TRUE);
INSERT INTO user (firstname, lastname, email, password, role, team_id, work_schedule, member_quota, locked, enabled) VALUES ('Yasmine', 'Bouali', 'yasmine@myCompany.com', '$2y$12$ktco7fzUNlN04FOF4ar2CexROe6kH2YJ3Z67C8f/m4d9JNW3YRas.', 'USER', 5, 'FULL_TIME', 2.5, FALSE, TRUE);
INSERT INTO user (firstname, lastname, email, password, role, team_id, work_schedule, member_quota, locked, enabled) VALUES ('Noah', 'Maes', 'noah@myCompany.com', '$2y$12$ljgr75yWR7Nio/qT27EEdOyxpjoJSzqLcaPC4bjyqXE2aq0U3AIQ6', 'USER', 5, 'HALF_TIME', 1, FALSE, TRUE);
INSERT INTO user (firstname, lastname, email, password, role, team_id, work_schedule, member_quota, locked, enabled) VALUES ('Marie', 'Dubois', 'marie@myCompany.com', '$2y$12$9z6Z.TMIa2zyLhWnvUSuju61QLGTsi9hk7V7NV5t6iPI5b70hpyRm', 'USER', 8, 'FOUR_FIFTHS', 2,  FALSE, TRUE);
INSERT INTO user (firstname, lastname, email, password, role, team_id, work_schedule, member_quota, locked, enabled) VALUES ('Arthur', 'Lambert', 'arthur@myCompany.com', '$2y$13$abcdefgHIJKLMNO.pqrstuvwxYZ.ABCDEFGHIJKLMNOPQRStu', 'USER', 3,'FULL_TIME',2.5,  FALSE, TRUE);
INSERT INTO user (firstname, lastname, email, password, role, team_id, work_schedule, member_quota, locked, enabled) VALUES ('Alice', 'Renard', 'alice@myCompany.com', '$2y$12$F5fgKturTtTAMGZRryMPiuzyGmMczQdSnJsc5.a1a0hj4.p2LmdgS', 'USER', 1, 'HALF_TIME', 1, FALSE, TRUE);
INSERT INTO user (firstname, lastname, email, password, role, team_id, work_schedule, member_quota, locked, enabled) VALUES ('Mehdi', 'Fassi', 'mehdi@myCompany.com', '$2y$12$3Iq5a6137ZuJuf9Ow37AmOWxeupBXGwzPimUZkefmIMhZCt85xfQW', 'MANAGER', 6, 'FULL_TIME', 2.5, FALSE, TRUE);
INSERT INTO user (firstname, lastname, email, password, role, team_id, work_schedule, member_quota, locked, enabled) VALUES ('Sara', 'Khalfi', 'sara@myCompany.com', '$2y$12$SR.HJr5fzi.BYdjX7ihnmucdX0Qz.XBaJceIeuqlUho1dqGquMzWy', 'USER', 5,'FOUR_FIFTHS', 2, FALSE, TRUE);
INSERT INTO user (firstname, lastname, email, password, role, team_id, work_schedule, member_quota, locked, enabled) VALUES ('Omar', 'Jabri', 'omar@myCompany.com', '$2y$13$XXYYZZAABBCCDD.EEFfghijkLMNOPQRST.UVWxyz12345678', 'USER', 3, 'FULL_TIME',2.5, FALSE, TRUE);
INSERT INTO user (firstname, lastname, email, password, role, team_id, work_schedule, member_quota, locked, enabled) VALUES ('Nadia', 'El Ghazi', 'nadia@myCompany.com', '$2y$13$AbCdEfGHiJkLmNoPqRsTuVwXyZ0123456789AbCdEfGHiJkLmNoP', 'USER', 3, 'FULL_TIME', 2.5, FALSE, TRUE);
INSERT INTO user (firstname, lastname, email, password, role, team_id, work_schedule, member_quota, locked, enabled) VALUES ('Thomas', 'Bernard', 'thomas@myCompany.com', '$2y$12$567890abcdefGHIJKLMNOPQRSTUVWXYZabcdef', 'USER', 2, 'HALF_TIME', 1, FALSE, TRUE);
INSERT INTO user (firstname, lastname, email, password, role, team_id, work_schedule, member_quota, locked, enabled) VALUES ('Sophie', 'Moreau', 'sophie@myCompany.com', '$2y$12$tVhU7LHKWc8Nb86iCtGwNOa49AhgrfJB9KVm131J7B8SNil0XjD.2', 'MANAGER', 3, 'FULL_TIME', 2.5, FALSE, TRUE);
INSERT INTO user (firstname, lastname, email, password, role, team_id, work_schedule, member_quota, locked, enabled) VALUES ('Julien', 'Petit', 'julien@myCompany.com', '$2y$13$123456789AbCdEfGHiJkLmNoPqRsTuVwXyZABCD', 'USER', 5, 'FULL_TIME', 2.5, FALSE, TRUE);
INSERT INTO user (firstname, lastname, email, password, role, team_id, work_schedule, member_quota, locked, enabled) VALUES ('Chloé', 'Roux', 'chloe@myCompany.com', '$2y$13$ZyxWvUtSrQpOnMlKjIhGfEdCbA0123456789ZyxWvUtSrQpOnM', 'USER', 8, 'FOUR_FIFTHS', 2, FALSE, TRUE);
INSERT INTO user (firstname, lastname, email, password, role, team_id, work_schedule, member_quota, locked, enabled) VALUES ('Vincent', 'Dubois', 'vincent@myCompany.com', '$2y$13$MNOPQRStuvwxyZABCD123456789AbCdEfGHiJkLmNoPqRsT', 'USER', 4, 'HALF_TIME', 1, FALSE, TRUE);
INSERT INTO user (firstname, lastname, email, password, role, team_id, work_schedule, member_quota, locked, enabled) VALUES ('Leila', 'Bennani', 'leila@myCompany.com', '$2y$12$VWXYZabcdefgHIJKLMNOPQRSTUVWXYZabcdefg', 'USER', 7, 'FULL_TIME', 2.5, FALSE, TRUE);
INSERT INTO user (firstname, lastname, email, password, role, team_id, work_schedule, member_quota, locked, enabled) VALUES ('Simon', 'Leclerc', 'simon@myCompany.com', '$2y$12$ZABCD123456789AbCdEfGHiJkLmNoPqRsTuVwXyZABCD', 'USER', 5, 'FULL_TIME', 2.5, FALSE, TRUE);
INSERT INTO user (firstname, lastname, email, password, role, team_id, work_schedule, member_quota, locked, enabled) VALUES ('Isabelle', 'Martin', 'isabelle@myCompany.com', '$2y$13$mnopqRSTUVWXYZabcdefgHIJKLMNOPQ', 'USER', 3, 'HALF_TIME', 1, FALSE, TRUE);
INSERT INTO user (firstname, lastname, email, password, role, team_id, work_schedule, member_quota, locked, enabled) VALUES ('Alexandre', 'Lopez', 'alex@myCompany.com', '$2y$12$abcdefGHIJKLMNOPQRSTUVWXYZabcdefGHIJKLM', 'USER', 3, 'FULL_TIME', 2.5, FALSE, TRUE);
INSERT INTO user (firstname, lastname, email, password, role, team_id, work_schedule, member_quota, locked, enabled) VALUES ('Fouad', 'Majidi', 'fouad@myCompany.com', '$2y$13$KlMnOpQrStUvWxYz0123456789AbCdEfGhIjKlMnOpQrStUvWxY', 'USER', 3, 'FULL_TIME', 2.5, FALSE, TRUE);
INSERT INTO user (firstname, lastname, email, password, role, team_id, work_schedule, member_quota, locked, enabled) VALUES ('Céline', 'Dumont', 'celine@myCompany.com', '$2y$12$ZaBcDeFgHiJkLmNoPqRsTuVwXyZ1234567890ZaBcDeFgHiJk', 'MANAGER', 2, 'HALF_TIME', 1, FALSE, TRUE);
INSERT INTO user (firstname, lastname, email, password, role, team_id, work_schedule, member_quota, locked, enabled) VALUES ('Rachid', 'El Khatib', 'rachid@myCompany.com', '$2y$12$XyZaBcDeFgHiJkLmNoPqRsTuVwXyZaBcDeFgHiJkLmNoPqRs', 'USER', 8, 'FOUR_FIFTHS', 2, FALSE, TRUE);
INSERT INTO user (firstname, lastname, email, password, role, team_id, work_schedule, member_quota, locked, enabled) VALUES ('Julie', 'Fontaine', 'julie@myCompany.com', '$2y$13$TuVwXyZaBcDeFgHiJkLmNoPqRsTuVwXyZaBcDeFgHiJkLmNo', 'USER', 8, 'HALF_TIME', 1, FALSE, TRUE);
INSERT INTO user (firstname, lastname, email, password, role, team_id, work_schedule, member_quota, locked, enabled) VALUES ('Amine', 'Touzani', 'amine@myCompany.com', '$2y$13$RsTuVwXyZaBcDeFgHiJkLmNoPqRsTuVwXyZaBcDeFgHiJkLm', 'USER', 7, 'FULL_TIME', 2.5, FALSE, TRUE);
INSERT INTO user (firstname, lastname, email, password, role, team_id, work_schedule, member_quota, locked, enabled) VALUES ('Émilie', 'Lefevre', 'emilie@myCompany.com', '$2y$12$NoPqRsTuVwXyZaBcDeFgHiJkLmNoPqRsTuVwXyZaBcDeFgHi', 'MANAGER', 7, 'FULL_TIME', 2.5, FALSE, TRUE);
INSERT INTO user (firstname, lastname, email, password, role, team_id, work_schedule, member_quota, locked, enabled) VALUES ('Karim', 'Benali', 'karim@myCompany.com', '$2y$13$JkLmNoPqRsTuVwXyZaBcDeFgHiJkLmNoPqRsTuVwXyZaBcDe', 'USER', 6, 'HALF_TIME', 1, FALSE, TRUE);
INSERT INTO user (firstname, lastname, email, password, role, team_id, work_schedule, member_quota, locked, enabled) VALUES ('Mathieu', 'Girard', 'mathieu@myCompany.com', '$2y$12$FgHiJkLmNoPqRsTuVwXyZaBcDeFgHiJkLmNoPqRsTuVwXyZa', 'USER', 1, 'FULL_TIME', 2.5, FALSE, TRUE);
INSERT INTO user (firstname, lastname, email, password, role, team_id, work_schedule, member_quota, locked, enabled) VALUES ('Sarah', 'Bernard', 'sarah@myCompany.com', '$2y$13$BcDeFgHiJkLmNoPqRsTuVwXyZaBcDeFgHiJkLmNoPqRsTuVw', 'USER', 2, 'HALF_TIME', 1, FALSE, TRUE);
INSERT INTO user (firstname, lastname, email, password, role, team_id, work_schedule, member_quota, locked, enabled) VALUES ('Nathalie', 'Dupont', 'nathalie@myCompany.com', '$2y$12$XyZaBcDeFgHiJkLmNoPqRsTuVwXyZaBcDeFgHiJkLmNoPqRsT', 'USER', 1, 'FULL_TIME', 2.5, FALSE, TRUE);
INSERT INTO user (firstname, lastname, email, password, role, team_id, work_schedule, member_quota, locked, enabled) VALUES ('Rémi', 'Fournier', 'remi@myCompany.com', '$2y$13$abcdef0123456789AbCdEfGHiJkLmNoPqRsTuVwXyZabcdef', 'USER', 7, 'FULL_TIME', 2.5, FALSE, TRUE);
INSERT INTO user (firstname, lastname, email, password, role, team_id, work_schedule, member_quota, locked, enabled) VALUES ('Louise', 'Girard', 'louise@myCompany.com', '$2y$12$0123456789AbCdEfGHiJkLmNoPqRsTuVwXyZabcdef0123456789', 'USER', 2, 'HALF_TIME', 1, FALSE, TRUE);
INSERT INTO user (firstname, lastname, email, password, role, team_id, work_schedule, member_quota, locked, enabled) VALUES ('Victor', 'Perrin', 'victor@myCompany.com', '$2y$13$PqRsTuVwXyZabcdef0123456789AbCdEfGHiJkLmNoPqRsTuVw', 'USER', 3, 'FOUR_FIFTHS', 2, FALSE, TRUE);
INSERT INTO user (firstname, lastname, email, password, role, team_id, work_schedule, member_quota, locked, enabled) VALUES ('Charlotte', 'Morel', 'charlotte@myCompany.com', '$2y$12$XyZabcdef0123456789AbCdEfGHiJkLmNoPqRsTuVwXyZabcdef', 'USER', 2, 'HALF_TIME', 1, FALSE, TRUE);
INSERT INTO user (firstname, lastname, email, password, role, team_id, work_schedule, member_quota, locked, enabled) VALUES ('Alexis', 'Blanc', 'alexis@myCompany.com', '$2y$13$abcdef0123456789AbCdEfGHiJkLmNoPqRsTuVwXyZabcdef0123', 'USER', 10, 'FULL_TIME', 2.5, FALSE, TRUE);
INSERT INTO user (firstname, lastname, email, password, role, team_id, work_schedule, member_quota, locked, enabled) VALUES ('Laura', 'Riviere', 'laura@myCompany.com', '$2y$12$EfGHiJkLmNoPqRsTuVwXyZabcdef0123456789AbCdEfGHiJkLm', 'USER', 2, 'FULL_TIME', 2.5, FALSE, TRUE);
INSERT INTO user (firstname, lastname, email, password, role, team_id, work_schedule, member_quota, locked, enabled) VALUES ('Nicolas', 'Picard', 'nicolas@myCompany.com', '$2y$13$XyZabcdef0123456789AbCdEfGHiJkLmNoPqRsTuVwXyZabcdef', 'USER', 8, 'HALF_TIME', 1, FALSE, TRUE);
INSERT INTO user (firstname, lastname, email, password, role, team_id, work_schedule, member_quota, locked, enabled) VALUES ('Chloé', 'Brun', 'chloe@myCompany.com', '$2y$12$123456789AbCdEfGHiJkLmNoPqRsTuVwXyZabcdef0123456789', 'USER', 3, 'FULL_TIME', 2.5, FALSE, TRUE);
INSERT INTO user (firstname, lastname, email, password, role, team_id, work_schedule, member_quota, locked, enabled) VALUES ('Antoine', 'Mercier', 'antoine@myCompany.com', '$2y$13$VwXyZabcdef0123456789AbCdEfGHiJkLmNoPqRsTuVwXyZabcdef', 'USER', 10, 'HALF_TIME', 1, FALSE, TRUE);
INSERT INTO user (firstname, lastname, email, password, role, team_id, work_schedule, member_quota, locked, enabled) VALUES ('Marie', 'David', 'marie@myCompany.com', '$2y$12$56789AbCdEfGHiJkLmNoPqRsTuVwXyZabcdef0123456789AbCdE', 'USER', 7, 'FULL_TIME', 2.5, FALSE, TRUE);
INSERT INTO user (firstname, lastname, email, password, role, team_id, work_schedule, member_quota, locked, enabled) VALUES ('Lucas', 'Roche', 'lucas@myCompany.com', '$2y$13$fGHiJkLmNoPqRsTuVwXyZabcdef0123456789AbCdEfGHiJkLmN', 'USER', 9, 'HALF_TIME', 1, FALSE, TRUE);
INSERT INTO user (firstname, lastname, email, password, role, team_id, work_schedule, member_quota, locked, enabled) VALUES ('Julie', 'Bertrand', 'julie@myCompany.com', '$2y$12$9AbCdEfGHiJkLmNoPqRsTuVwXyZabcdef0123456789AbCdEfGHiJ', 'MANAGER', 8, 'FULL_TIME', 2.5, FALSE, TRUE);
INSERT INTO user (firstname, lastname, email, password, role, team_id, work_schedule, member_quota, locked, enabled) VALUES ('Émilien', 'Roux', 'emilien@myCompany.com', '$2y$13$TuVwXyZabcdef0123456789AbCdEfGHiJkLmNoPqRsTuVwXyZab', 'USER', 8, 'FULL_TIME', 2.5, FALSE, TRUE);
INSERT INTO user (firstname, lastname, email, password, role, team_id, work_schedule, member_quota, locked, enabled) VALUES ('Sofia', 'Dupuis', 'sofia@myCompany.com', '$2y$12$PqRsTuVwXyZabcdef0123456789AbCdEfGHiJkLmNoPqRsTuVwXyZ', 'USER', 8, 'HALF_TIME', 1, FALSE, TRUE);
INSERT INTO user (firstname, lastname, email, password, role, team_id, work_schedule, member_quota, locked, enabled) VALUES ('Benjamin', 'Lemoine', 'benjamin@myCompany.com', '$2y$13$0123456789AbCdEfGHiJkLmNoPqRsTuVwXyZabcdef0123456789A', 'USER', 4, 'FOUR_FIFTHS', 2, FALSE, TRUE);
INSERT INTO user (firstname, lastname, email, password, role, team_id, work_schedule, member_quota, locked, enabled) VALUES ('Maxime', 'Leclerc', 'maxime@myCompany.com', '$2y$13$PqRsTuVwXyZabcdef0123456789AbCdEfGHiJkLmNoPqRsTuVwX', 'USER', 5, 'FULL_TIME', 2.5, FALSE, TRUE);
INSERT INTO user (firstname, lastname, email, password, role, team_id, work_schedule, member_quota, locked, enabled) VALUES ('Amandine', 'Martin', 'amandine@myCompany.com', '$2y$12$VwXyZabcdef0123456789AbCdEfGHiJkLmNoPqRsTuVwXyZabcdef', 'USER', 1, 'HALF_TIME', 1, FALSE, TRUE);
INSERT INTO user (firstname, lastname, email, password, role, team_id, work_schedule, member_quota, locked, enabled) VALUES ('Clément', 'Dupont', 'clement@myCompany.com', '$2y$13$CdEfGHiJkLmNoPqRsTuVwXyZabcdef0123456789AbCdEfGHiJkL', 'MANAGER', 1, 'FOUR_FIFTHS', 2, FALSE, TRUE);
INSERT INTO user (firstname, lastname, email, password, role, team_id, work_schedule, member_quota, locked, enabled) VALUES ('Élodie', 'Lefebvre', 'elodie@myCompany.com', '$2y$12$MnOpQrStUvWxYz0123456789AbCdEfGHiJkLmNoPqRsTuVwXyZab', 'USER', 9, 'HALF_TIME', 1, FALSE, TRUE);
INSERT INTO user (firstname, lastname, email, password, role, team_id, work_schedule, member_quota, locked, enabled) VALUES ('Guillaume', 'Garcia', 'guillaume@myCompany.com', '$2y$13$789AbCdEfGHiJkLmNoPqRsTuVwXyZabcdef0123456789AbCdEf', 'USER', 5, 'FULL_TIME', 2.5, FALSE, TRUE);
INSERT INTO user (firstname, lastname, email, password, role, team_id, work_schedule, member_quota, locked, enabled) VALUES ('Mathilde', 'Roy', 'mathilde@myCompany.com', '$2y$12$PqRsTuVwXyZabcdef0123456789AbCdEfGHiJkLmNoPqRsTuVwXy', 'USER', 7, 'FULL_TIME', 2.5, FALSE, TRUE);
INSERT INTO user (firstname, lastname, email, password, role, team_id, work_schedule, member_quota, locked, enabled) VALUES ('Théo', 'Moreau', 'theo@myCompany.com', '$2y$13$0123456789AbCdEfGHiJkLmNoPqRsTuVwXyZabcdef0123456789Ab', 'USER',6, 'HALF_TIME', 1, FALSE, TRUE);
INSERT INTO user (firstname, lastname, email, password, role, team_id, work_schedule, member_quota, locked, enabled) VALUES ('Camille', 'Lopez', 'camille@myCompany.com', '$2y$12$EfGHiJkLmNoPqRsTuVwXyZabcdef0123456789AbCdEfGHiJkLmNo', 'USER', 1, 'FULL_TIME', 2.5, FALSE, TRUE);
INSERT INTO user (firstname, lastname, email, password, role, team_id, work_schedule, member_quota, locked, enabled) VALUES ('Jérôme', 'Colin', 'jerome@myCompany.com', '$2y$13$GHiJkLmNoPqRsTuVwXyZabcdef0123456789AbCdEfGHiJkLmNoPq', 'USER', 6, 'HALF_TIME', 1, FALSE, TRUE);
INSERT INTO user (firstname, lastname, email, password, role, team_id, work_schedule, member_quota, locked, enabled) VALUES ('Valérie', 'Richard', 'valerie@myCompany.com', '$2y$12$RsTuVwXyZabcdef0123456789AbCdEfGHiJkLmNoPqRsTuVwXyZa', 'USER', 6, 'FULL_TIME', 2.5, FALSE, TRUE);
INSERT INTO user (firstname, lastname, email, password, role, team_id, work_schedule, member_quota, locked, enabled) VALUES ('Hugo', 'Robert', 'hugo@myCompany.com', '$2y$13$123456789AbCdEfGHiJkLmNoPqRsTuVwXyZabcdef0123456789AbC', 'USER', 4, 'HALF_TIME', 1, FALSE, TRUE);
INSERT INTO user (firstname, lastname, email, password, role, team_id, work_schedule, member_quota, locked, enabled) VALUES ('Manon', 'Pérez', 'manon@myCompany.com', '$2y$12$TuVwXyZabcdef0123456789AbCdEfGHiJkLmNoPqRsTuVwXyZabcdef', 'USER', 1, 'FULL_TIME', 2.5, FALSE, TRUE);
INSERT INTO user (firstname, lastname, email, password, role, team_id, work_schedule, member_quota, locked, enabled) VALUES ('Luc', 'Henry', 'luc@myCompany.com', '$2y$13$456789AbCdEfGHiJkLmNoPqRsTuVwXyZabcdef0123456789AbCdEfG', 'USER', 2, 'FULL_TIME', 2.5, FALSE, TRUE);
INSERT INTO user (firstname, lastname, email, password, role, team_id, work_schedule, member_quota, locked, enabled) VALUES ('Julia', 'Gauthier', 'julia@myCompany.com', '$2y$12$LmNoPqRsTuVwXyZabcdef0123456789AbCdEfGHiJkLmNoPqRsTuVw', 'USER',6, 'HALF_TIME', 1, FALSE, TRUE);
INSERT INTO user (firstname, lastname, email, password, role, team_id, work_schedule, member_quota, locked, enabled) VALUES ('Simon', 'Lambert', 'simon@myCompany.com', '$2y$13$9AbCdEfGHiJkLmNoPqRsTuVwXyZabcdef0123456789AbCdEfGHiJkLm', 'USER', 7, 'FOUR_FIFTHS', 2, FALSE, TRUE);

INSERT INTO user (firstname, lastname, email, password, role, team_id, work_schedule, member_quota, locked, enabled) VALUES ('Laila', 'Najjar', 'laila@myCompany.com', '$2y$13$aaBbCcDdEeFfGgHhIiJjKkLlMmNnOoPp', 'USER', 9, 'FULL_TIME', 2.5, FALSE, TRUE);
INSERT INTO user (firstname, lastname, email, password, role, team_id, work_schedule, member_quota, locked, enabled) VALUES ('Carlos', 'Vega', 'carlos@myCompany.com', '$2y$12$QqRrSsTtUuVvWwXxYyZzZzYyXxWwVvUu', 'USER', 2, 'HALF_TIME', 1, FALSE, TRUE);
INSERT INTO user (firstname, lastname, email, password, role, team_id, work_schedule, member_quota, locked, enabled) VALUES ('Ayşe', 'Yılmaz', 'ayse@myCompany.com', '$2y$13$TtUuVvWwXxYyZzZzYyXxWwVvUuTtSsRr', 'USER', 6, 'HALF_TIME', 1, FALSE, TRUE);
INSERT INTO user (firstname, lastname, email, password, role, team_id, work_schedule, member_quota, locked, enabled) VALUES ('Fatima', 'Al-Farsi', 'fatima@myCompany.com', '$2y$12$SsTtUuVvWwXxYyZzZzYyXxWwVvUuTtSs', 'USER', 9, 'FULL_TIME', 2.5, FALSE, TRUE);
INSERT INTO user (firstname, lastname, email, password, role, team_id, work_schedule, member_quota, locked, enabled) VALUES ('Miguel', 'Torres', 'miguel@myCompany.com', '$2y$13$RrSsTtUuVvWwXxYyZzZzYyXxWwVvUuTt', 'USER', 6, 'FOUR_FIFTHS', 2, FALSE, TRUE);
INSERT INTO user (firstname, lastname, email, password, role, team_id, work_schedule, member_quota, locked, enabled) VALUES ('Hana', 'Kazim', 'hana@myCompany.com', '$2y$12$UuVvWwXxYyZzZzYyXxWwVvUuTtSsRrQq', 'USER', 1, 'FULL_TIME', 2.5, FALSE, TRUE);
INSERT INTO user (firstname, lastname, email, password, role, team_id, work_schedule, member_quota, locked, enabled) VALUES ('Diego', 'Fernandez', 'diego@myCompany.com', '$2y$13$VvWwXxYyZzZzYyXxWwVvUuTtSsRrQqPp', 'USER', 1, 'HALF_TIME', 1, FALSE, TRUE);
INSERT INTO user (firstname, lastname, email, password, role, team_id, work_schedule, member_quota, locked, enabled) VALUES ('Samira', 'Yousef', 'samira@myCompany.com', '$2y$12$WwXxYyZzZzYyXxWwVvUuTtSsRrQqPpOo', 'USER', 7, 'HALF_TIME', 1, FALSE, TRUE);
INSERT INTO user (firstname, lastname, email, password, role, team_id, work_schedule, member_quota, locked, enabled) VALUES ('Ozan', 'Demir', 'ozan@myCompany.com', '$2y$13$XxYyZzZzYyXxWwVvUuTtSsRrQqPpOoNn', 'USER', 10, 'FULL_TIME', 2.5, FALSE, TRUE);
INSERT INTO user (firstname, lastname, email, password, role, team_id, work_schedule, member_quota, locked, enabled) VALUES ('Nadia', 'Khoury', 'nadia@myCompany.com', '$2y$12$YyZzZzYyXxWwVvUuTtSsRrQqPpOoNnMm', 'USER', 6, 'FOUR_FIFTHS', 2, FALSE, TRUE);
INSERT INTO user (firstname, lastname, email, password, role, team_id, work_schedule, member_quota, locked, enabled) VALUES ('Sofía', 'García', 'sofia@myCompany.com', '$2y$13$ZzZzYyXxWwVvUuTtSsRrQqPpOoNnMmLl', 'USER', 2, 'FULL_TIME', 2.5, FALSE, TRUE);
INSERT INTO user (firstname, lastname, email, password, role, team_id, work_schedule, member_quota, locked, enabled) VALUES ('Yasmin', 'Mohamed', 'yasmin@myCompany.com', '$2y$12$ZzYyXxWwVvUuTtSsRrQqPpOoNnMmLlKk', 'USER', 1, 'HALF_TIME', 1, FALSE, TRUE);
INSERT INTO user (firstname, lastname, email, password, role, team_id, work_schedule, member_quota, locked, enabled) VALUES ('Ahmed', 'Said', 'ahmed@myCompany.com', '$2y$13$YyXxWwVvUuTtSsRrQqPpOoNnMmLlKkJj', 'USER', 7, 'FULL_TIME', 2.5, FALSE, TRUE);
INSERT INTO user (firstname, lastname, email, password, role, team_id, work_schedule, member_quota, locked, enabled) VALUES ('Esra', 'Kara', 'esra@myCompany.com', '$2y$12$XxWwVvUuTtSsRrQqPpOoNnMmLlKkJjIi', 'USER', 6, 'HALF_TIME', 1, FALSE, TRUE);
INSERT INTO user (firstname, lastname, email, password, role, team_id, work_schedule, member_quota, locked, enabled) VALUES ('Ibrahim', 'Al-Bashir', 'ibrahim@myCompany.com', '$2y$13$WwVvUuTtSsRrQqPpOoNnMmLlKkJjIiHh', 'USER', 8, 'FULL_TIME', 2.5, FALSE, TRUE);

INSERT INTO user (firstname, lastname, email, password, role, team_id, work_schedule, member_quota, locked, enabled) VALUES ('Isaac', 'Dupont', 'isaac@myCompany.com', '$2y$13$ZaBcDeFgHiJkLmNoPqRsTuVwXyZ1234567890ZaBcDeFgHiJk', 'USER', 9, 'FULL_TIME', 2.5, FALSE, TRUE);
INSERT INTO user (firstname, lastname, email, password, role, team_id, work_schedule, member_quota, locked, enabled) VALUES ('Élise', 'Martin', 'elise@myCompany.com', '$2y$12$XyZaBcDeFgHiJkLmNoPqRsTuVwXyZaBcDeFgHiJkLmNoPqRs', 'USER', 10, 'HALF_TIME', 1, FALSE, TRUE);
INSERT INTO user (firstname, lastname, email, password, role, team_id, work_schedule, member_quota, locked, enabled) VALUES ('Olivier', 'Petit', 'olivier@myCompany.com', '$2y$13$123456789AbCdEfGHiJkLmNoPqRsTuVwXyZABCD', 'USER', 9, 'HALF_TIME', 1, FALSE, TRUE);
INSERT INTO user (firstname, lastname, email, password, role, team_id, work_schedule, member_quota, locked, enabled) VALUES ('Anaïs', 'Bernard', 'anais@myCompany.com', '$2y$12$ABCDEFG1234567890HIJKLMNOPQR', 'USER', 10, 'FOUR_FIFTHS', 2, FALSE, TRUE);
INSERT INTO user (firstname, lastname, email, password, role, team_id, work_schedule, member_quota, locked, enabled) VALUES ('Luc', 'Moreau', 'luc@myCompany.com', '$2y$13$mnopqRSTUVWXYZabcdefgHIJKLMNOPQ', 'USER', 9, 'FULL_TIME', 2.5, FALSE, TRUE);
INSERT INTO user (firstname, lastname, email, password, role, team_id, work_schedule, member_quota, locked, enabled) VALUES ('Caroline', 'Lefebvre', 'caroline@myCompany.com', '$2y$12$KLMNOPQ1234567890RSTUVWXYZABCDEF', 'USER', 10, 'HALF_TIME', 1, FALSE, TRUE);
INSERT INTO user (firstname, lastname, email, password, role, team_id, work_schedule, member_quota, locked, enabled) VALUES ('Max', 'Garcia', 'max@myCompany.com', '$2y$13$ABCDE1234567890FGHIJKLMNOPQRS', 'USER', 10, 'FULL_TIME', 2.5, FALSE, TRUE);
INSERT INTO user (firstname, lastname, email, password, role, team_id, work_schedule, member_quota, locked, enabled) VALUES ('Sophie', 'Roux', 'sophie@myCompany.com', '$2y$12$1234567890ABCDEFGHIJKLMN', 'USER', 9, 'HALF_TIME', 1, FALSE, TRUE);
INSERT INTO user (firstname, lastname, email, password, role, team_id, work_schedule, member_quota, locked, enabled) VALUES ('Tristan', 'Lopez', 'tristan@myCompany.com', '$2y$13$PQRSTUVWXYZ1234567890ABCDEFGHIJKLMN', 'MANAGER', 9, 'FULL_TIME', 2.5, FALSE, TRUE);
INSERT INTO user (firstname, lastname, email, password, role, team_id, work_schedule, member_quota, locked, enabled) VALUES ('Julia', 'Collin', 'julia@myCompany.com', '$2y$12$MNOPQRSTUVWXYZ1234567890ABCDEFGHIJ', 'USER', 10, 'FOUR_FIFTHS', 2, FALSE, TRUE);
INSERT INTO user (firstname, lastname, email, password, role, team_id, work_schedule, member_quota, locked, enabled) VALUES ('Vincent', 'Simon', 'vincent@myCompany.com', '$2y$13$ABCDEFGHIJKLMNOPQRSTUVWXYZ1234567890', 'USER', 10, 'FULL_TIME', 2.5, FALSE, TRUE);
INSERT INTO user (firstname, lastname, email, password, role, team_id, work_schedule, member_quota, locked, enabled) VALUES ('Émilie', 'Robert', 'emilie@myCompany.com', '$2y$12$1234567890ABCDEFGHIJKLMNOPQRSTUVW', 'USER', 9, 'HALF_TIME', 1, FALSE, TRUE);
INSERT INTO user (firstname, lastname, email, password, role, team_id, work_schedule, member_quota, locked, enabled) VALUES ('Nathalie', 'Blanc', 'nathalie@myCompany.com', '$2y$13$XYZ1234567890ABCDEFGHIJKLMNOPQRSTUV', 'MANAGER', 10, 'HALF_TIME', 1, FALSE, TRUE);

-- Insert into reservation table
INSERT INTO reservation (reservation_date, morning, afternoon, work_station_id, user_id, reservation_type_id, is_group_booking, is_colleague_booking, created_by) VALUES ('2024-05-27',true ,true, 1, 1, 1, false, false,1);
INSERT INTO reservation (reservation_date, morning, afternoon, work_station_id, user_id, reservation_type_id, is_group_booking, is_colleague_booking, created_by) VALUES ('2024-05-28',true, true, 2, 2, 1, false, false,2);
INSERT INTO reservation (reservation_date, morning, afternoon, work_station_id, user_id, reservation_type_id, is_group_booking, is_colleague_booking, created_by) VALUES ('2024-05-27', true, true, 3, 2, 3, false, false, 2);
INSERT INTO reservation (reservation_date, morning, afternoon, work_station_id, user_id, reservation_type_id, is_group_booking, is_colleague_booking, created_by) VALUES ('2024-05-28',true, true, 1, 3, 2, false, false, 6);
INSERT INTO reservation (reservation_date, morning, afternoon, work_station_id, user_id, reservation_type_id, is_group_booking, is_colleague_booking, created_by) VALUES ('2024-05-29',true, true, 7, 4, 2, false, true, 1);
INSERT INTO reservation (reservation_date, morning, afternoon, work_station_id, user_id, reservation_type_id, is_group_booking, is_colleague_booking, created_by) VALUES ('2024-05-27',true, true, 2, 1, 20, false, false, 1);
INSERT INTO reservation (reservation_date, morning, afternoon, work_station_id, user_id, reservation_type_id, is_group_booking, is_colleague_booking, created_by) VALUES ('2024-05-29', true, false, 3, 3, 2, false, false, 3);
INSERT INTO reservation (reservation_date, morning, afternoon, work_station_id, user_id, reservation_type_id, is_group_booking, is_colleague_booking, created_by) VALUES ('2024-05-27', false, true, 4, 5, 2, false, false,5);
INSERT INTO reservation (reservation_date, morning, afternoon, work_station_id, user_id, reservation_type_id, is_group_booking, is_colleague_booking, created_by) VALUES ('2024-05-28', true, true, 5, 4, 1, false, false,4);
INSERT INTO reservation (reservation_date, morning, afternoon, work_station_id, user_id, reservation_type_id, is_group_booking, is_colleague_booking, created_by) VALUES ('2024-05-31', true, false, 6, 13, 3, false, false, 13);
INSERT INTO reservation (reservation_date, morning, afternoon, work_station_id, user_id, reservation_type_id, is_group_booking, is_colleague_booking, created_by) VALUES ('2024-05-27', true, true, 7, 3, 2, false,  false, 7);
INSERT INTO reservation (reservation_date, morning, afternoon, work_station_id, user_id, reservation_type_id, is_group_booking, is_colleague_booking, created_by) VALUES ('2024-05-23', true, true, 8, 6, 1, false,  false,9);
INSERT INTO reservation (reservation_date, morning, afternoon, work_station_id, user_id, reservation_type_id, is_group_booking, is_colleague_booking, created_by) VALUES ('2024-05-27', true, false, 9, 8, 3, false, false, 8);
INSERT INTO reservation (reservation_date, morning, afternoon, work_station_id, user_id, reservation_type_id, is_group_booking, is_colleague_booking, created_by) VALUES ('2024-05-29', true, false, 10, 10, 2, false, false,10);
INSERT INTO reservation (reservation_date, morning, afternoon, work_station_id, user_id, reservation_type_id, is_group_booking, is_colleague_booking, created_by) VALUES ('2024-05-24', true, true, 2, 8, 2, true, false, 13);
INSERT INTO reservation (reservation_date, morning, afternoon, work_station_id, user_id, reservation_type_id, is_group_booking, is_colleague_booking, created_by) VALUES ('2024-05-28', true, true, 3, 5, 3, false, false, 5);
INSERT INTO reservation (reservation_date, morning, afternoon, work_station_id, user_id, reservation_type_id, is_group_booking, is_colleague_booking, created_by) VALUES ('2024-05-16', true, true, 5, 4, 3, true, false, 4);
INSERT INTO reservation (reservation_date, morning, afternoon, work_station_id, user_id, reservation_type_id, is_group_booking, is_colleague_booking, created_by) VALUES ('2024-05-15', true, true, 12, 6, 3, true, false, 6);
INSERT INTO reservation (reservation_date, morning, afternoon, work_station_id, user_id, reservation_type_id, is_group_booking, is_colleague_booking, created_by) VALUES ('2024-05-27', true, true, 11, 5, 3, true, false, 4);
INSERT INTO reservation (reservation_date, morning, afternoon, work_station_id, user_id, reservation_type_id, is_group_booking, is_colleague_booking, created_by) VALUES ('2024-05-27', false, true, 9, 8, 3, true, false, 8);
INSERT INTO reservation (reservation_date, morning, afternoon, work_station_id, user_id, reservation_type_id, is_group_booking, is_colleague_booking, created_by) VALUES ('2024-05-22', true, true, 5, 2, 1, false, true, 6);
INSERT INTO reservation (reservation_date, morning, afternoon, work_station_id, user_id, reservation_type_id, is_group_booking, is_colleague_booking, created_by) VALUES ('2024-05-28', true, false, 10, 1, 2, false, true, 4);
INSERT INTO reservation (reservation_date, morning, afternoon, work_station_id, user_id, reservation_type_id, is_group_booking, is_colleague_booking, created_by) VALUES ('2024-05-27', true, true, 8, 4, 1, false, true, 2);
INSERT INTO reservation (reservation_date, morning, afternoon, work_station_id, user_id, reservation_type_id, is_group_booking, is_colleague_booking, created_by) VALUES ('2024-05-30', true, true, 8, 7, 1, true, false, 4);
INSERT INTO reservation (reservation_date, morning, afternoon, work_station_id, user_id, reservation_type_id, is_group_booking, is_colleague_booking, created_by) VALUES ('2024-05-31', false, true, 3, 1, 1, false, true, 1);
INSERT INTO reservation (reservation_date, morning, afternoon, work_station_id, user_id, reservation_type_id, is_group_booking, is_colleague_booking, created_by) VALUES ('2024-05-27', false, true, 14, 9, 3, true, false, 2);
INSERT INTO reservation (reservation_date, morning, afternoon, work_station_id, user_id, reservation_type_id, is_group_booking, is_colleague_booking, created_by) VALUES ('2024-05-27', false, true, 12, 3, 3, true, false, 2);
INSERT INTO reservation (reservation_date, morning, afternoon, work_station_id, user_id, reservation_type_id, is_group_booking, is_colleague_booking, created_by) VALUES ('2024-05-27', false, true, 16, 2, 3, true, false, 2);

--Insert into country table
INSERT INTO country (name) VALUES ('Belgium');
INSERT INTO country (name) VALUES ('France');
INSERT INTO country (name) VALUES ('Germany');

--Insert into city table
INSERT INTO city (name, country_id) VALUES ('Brussels', 1);
INSERT INTO city (name, country_id) VALUES ('Antwerp', 1);
INSERT INTO city (name, country_id) VALUES ('Paris', 2);
INSERT INTO city (name, country_id) VALUES ('Bordeaux', 2);
INSERT INTO city (name, country_id) VALUES ('Lyon', 2);
INSERT INTO city (name, country_id) VALUES ('Berlin', 4);
INSERT INTO city (name, country_id) VALUES ('Dusseldorf', 4);

-- Insert into office table
INSERT INTO office (name, city_id) VALUES ('Bd Adolph Max n° 130 1000 Bruxelles', 1);
INSERT INTO office (name, city_id) VALUES ('Rue Blabla n°50 1080 Molenbeek', 1);
INSERT INTO office (name, city_id) VALUES ('Amerikalei n°13 2000 antwerp', 2);
INSERT INTO office (name, city_id) VALUES ('Bd de la defence n°152 92400 Courbevoie', 3);
INSERT INTO office (name, city_id) VALUES ('Bd de la Jeunesse n°15', 4);
INSERT INTO office (name, city_id) VALUES ('Rue Haute n°109', 5);
INSERT INTO office (name, city_id) VALUES ('Office 1 ', 3);
INSERT INTO office (name, city_id) VALUES ('Office 2 ', 4);
INSERT INTO office (name, city_id) VALUES ('Office 1 ', 2);

-- Insert into zone table
INSERT INTO zone (name, office_id) VALUES ('Zone A', 1);
INSERT INTO zone (name, office_id) VALUES ('Zone B', 1);
INSERT INTO zone (name, office_id) VALUES ('Zone C', 1);
INSERT INTO zone (name, office_id) VALUES ('Floor 1', 2);
INSERT INTO zone (name, office_id) VALUES ('Floor 2', 2);
INSERT INTO zone (name, office_id) VALUES ('Zone A', 3);
INSERT INTO zone (name, office_id) VALUES ('Zone B', 3);
INSERT INTO zone (name, office_id) VALUES ('Zone A', 4);
INSERT INTO zone (name, office_id) VALUES ('Zone B', 4);
INSERT INTO zone (name, office_id) VALUES ('Zone C', 4);
INSERT INTO zone (name, office_id) VALUES ('Floor 1', 5);
INSERT INTO zone (name, office_id) VALUES ('Floor 2', 5);
INSERT INTO zone (name, office_id) VALUES ('Floor 3', 5);


-- Insert into department table
INSERT INTO department (name) VALUES ('COM');
INSERT INTO department (name) VALUES ('HR');
INSERT INTO department (name) VALUES ('IT');
INSERT INTO department (name) VALUES ('FN');

-- Insert into team table
INSERT INTO team (name, department_id, team_Quota_Max, team_Quota_Min) VALUES ('Customer Service', 1, 3, 2);
INSERT INTO team (name, department_id, team_Quota_Max, team_Quota_Min) VALUES ('Sales', 2, 3, 2);
INSERT INTO team (name, department_id, team_Quota_Max, team_Quota_Min) VALUES ('Dev Team',3, 5, 2);
INSERT INTO team (name, department_id, team_Quota_Max, team_Quota_Min) VALUES ('DevOps Team', 3, 8, 2);
INSERT INTO team (name, department_id, team_Quota_Max, team_Quota_Min) VALUES ('Marketing', 4, 7, 2);
INSERT INTO team (name, department_id, team_Quota_Max, team_Quota_Min) VALUES ('Data Analysis ', 3, 3, 2);
INSERT INTO team (name, department_id, team_Quota_Max, team_Quota_Min) VALUES ('Operations', 4, 4, 2);
INSERT INTO team (name, department_id, team_Quota_Max, team_Quota_Min) VALUES ('Finances', 4, 4, 2);
INSERT INTO team (name, department_id, team_Quota_Max, team_Quota_Min) VALUES ('Training & Development', 2, 4, 2);
INSERT INTO team (name, department_id, team_Quota_Max, team_Quota_Min) VALUES ('Technical Support', 3, 4, 2);

-- Insert into reservation_type table
INSERT INTO reservation_type (name) VALUES ('Individual space');
INSERT INTO reservation_type (name) VALUES ('Collaborative space');
INSERT INTO reservation_type (name) VALUES ('Team day');

--Insert into work_area table
INSERT INTO work_area (name) VALUES ('Quiet space');
INSERT INTO work_area (name) VALUES ('Working space');
INSERT INTO work_area (name) VALUES ('Meeting space');

--Insert into equipment
INSERT INTO equipment (name) VALUES ('Hp Thunderbolt docking');
INSERT INTO equipment (name) VALUES ('Hp Ultra slim docking');
INSERT INTO equipment (name) VALUES ('Keyboard');
INSERT INTO equipment (name) VALUES ('Mouse');
--
--Insert into screen
INSERT INTO screen (name) VALUES ('No screen');
INSERT INTO screen (name) VALUES ('Standard screen');
INSERT INTO screen (name) VALUES ('Large screen');
INSERT INTO screen (name) VALUES ('Double standard screen');
INSERT INTO screen (name) VALUES ('Double large screen');

--Insert into furniture
INSERT INTO furniture (name) VALUES ('Normal desk');
INSERT INTO furniture (name) VALUES ('Adjustable desk');
INSERT INTO furniture (name) VALUES ('Normal chair');
INSERT INTO furniture (name) VALUES ('Adjustable chair');

-- Insert into userPreference table
INSERT INTO user_preference (user_id, country_id, city_id, office_id, zone_id, reservation_type_id, work_area_id, screen_id ) VALUES (1, 3, 7, 8, 1, 1, 1,4);
INSERT INTO user_preference (user_id, country_id, city_id, office_id, zone_id, reservation_type_id, work_area_id, screen_id ) VALUES (2, 1, 2, 2, 1, 1, 1,3);
INSERT INTO user_preference (user_id, country_id, city_id, office_id, zone_id, reservation_type_id, work_area_id, screen_id ) VALUES (3, 1, 2, 2, 1, 1, 1, 1);
INSERT INTO user_preference (user_id, country_id, city_id, office_id, zone_id, reservation_type_id, work_area_id, screen_id ) VALUES (4, 1, 2, 2, 2, 2, 2, 5);
INSERT INTO user_preference (user_id, country_id, city_id, office_id, zone_id, reservation_type_id, work_area_id, screen_id ) VALUES (5, 1, 2, 2, 1, 1, 1,2);
INSERT INTO user_preference (user_id, country_id, city_id, office_id, zone_id, reservation_type_id, work_area_id, screen_id ) VALUES (13, 1, 2, 2, 1, 2,2, 4);

--Insert into userPreferenceEquipmentIds
INSERT INTO user_preference_equipment_ids (user_preference_id, equipment_id) VALUES (1, 2);
INSERT INTO user_preference_equipment_ids (user_preference_id, equipment_id) VALUES (2, 2);
INSERT INTO user_preference_equipment_ids (user_preference_id, equipment_id) VALUES (3, 1);
INSERT INTO user_preference_equipment_ids (user_preference_id, equipment_id) VALUES (4, 3);
INSERT INTO user_preference_equipment_ids (user_preference_id, equipment_id) VALUES (5, 1);
INSERT INTO user_preference_equipment_ids (user_preference_id, equipment_id) VALUES (6, 1);
INSERT INTO user_preference_equipment_ids (user_preference_id, equipment_id) VALUES (10, 2);
INSERT INTO user_preference_equipment_ids (user_preference_id, equipment_id) VALUES (13, 1);
INSERT INTO user_preference_equipment_ids (user_preference_id, equipment_id) VALUES (13, 3);

--Insert into userPreferenceFurnitureIds
INSERT INTO user_preference_furniture_ids (user_preference_id, furniture_id) VALUES (1, 4);
INSERT INTO user_preference_furniture_ids (user_preference_id, furniture_id) VALUES (11, 3);
INSERT INTO user_preference_furniture_ids (user_preference_id, furniture_id) VALUES (5, 4);
INSERT INTO user_preference_furniture_ids (user_preference_id, furniture_id) VALUES (2, 2);
INSERT INTO user_preference_furniture_ids (user_preference_id, furniture_id) VALUES (2, 4);
INSERT INTO user_preference_furniture_ids (user_preference_id, furniture_id) VALUES (3, 1);
INSERT INTO user_preference_furniture_ids (user_preference_id, furniture_id) VALUES (3, 3);
INSERT INTO user_preference_furniture_ids (user_preference_id, furniture_id) VALUES (4, 1);
INSERT INTO user_preference_furniture_ids (user_preference_id, furniture_id) VALUES (4, 3);
INSERT INTO user_preference_furniture_ids (user_preference_id, furniture_id) VALUES (13, 2);
INSERT INTO user_preference_furniture_ids (user_preference_id, furniture_id) VALUES (13, 4);

-- Insert into WorkStation table
INSERT INTO Work_station ( work_place, zone_id, work_area_id, screen_id, active) VALUES ('1.01',1, 2, 5, true);
INSERT INTO Work_station ( work_place, zone_id, work_area_id, screen_id, active) VALUES ('1.02', 1, 2, 5, true);
INSERT INTO Work_station ( work_place, zone_id, work_area_id, screen_id, active) VALUES ('1.03',1, 1, 1, true);
INSERT INTO Work_station ( work_place, zone_id, work_area_id, screen_id, active) VALUES ('2.01', 2, 2, 5, true);
INSERT INTO Work_station ( work_place, zone_id, work_area_id, screen_id, active) VALUES ('2.02', 2, 1, 1, true);
INSERT INTO Work_station ( work_place, zone_id, work_area_id, screen_id, active) VALUES ('2.03', 2, 1, 4, true);
INSERT INTO Work_station ( work_place, zone_id, work_area_id, screen_id, active) VALUES ('2.04', 2, 2, 5, true);
INSERT INTO Work_station ( work_place, zone_id, work_area_id, screen_id, active) VALUES ('3.01', 1, 1, 1, false);
INSERT INTO Work_station ( work_place, zone_id, work_area_id, screen_id, active) VALUES ('3.02', 1, 1, 3, true);
INSERT INTO Work_station ( work_place, zone_id, work_area_id, screen_id, active) VALUES ('1.04', 1, 1, 4, true);
INSERT INTO Work_station ( work_place, zone_id, work_area_id, screen_id, active) VALUES ('2.05', 1, 1, 3, true);
INSERT INTO Work_station ( work_place, zone_id, work_area_id, screen_id, active) VALUES ('3.04', 3, 1, 3, true);
INSERT INTO Work_station ( work_place, zone_id, work_area_id, screen_id, active) VALUES ('1.05', 1, 1, 3, true);
INSERT INTO Work_station ( work_place, zone_id, work_area_id, screen_id, active) VALUES ('2.06', 2, 1, 1, true);
INSERT INTO Work_station ( work_place, zone_id, work_area_id, screen_id, active) VALUES ('3.05', 3, 2, 5, true);
INSERT INTO Work_station ( work_place, zone_id, work_area_id, screen_id, active) VALUES ('1.06',1, 1, 5, true);
INSERT INTO Work_station ( work_place, zone_id, work_area_id, screen_id, active) VALUES ('1.07', 1, 1, 1,true);
INSERT INTO Work_station ( work_place, zone_id, work_area_id, screen_id, active) VALUES ('3.08',1, 2, 1, true);
INSERT INTO Work_station ( work_place, zone_id, work_area_id, screen_id, active) VALUES ('1.12', 3, 2, 1, true);
INSERT INTO Work_station ( work_place, zone_id, work_area_id, screen_id, active) VALUES ('2.13',1, 1, 3, true);
INSERT INTO Work_station ( work_place, zone_id, work_area_id, screen_id, active) VALUES ('3.23',1, 1, 3, true);
INSERT INTO Work_station ( work_place, zone_id, work_area_id, screen_id, active) VALUES ('1.08', 1, 1, 3, true);
INSERT INTO Work_station ( work_place, zone_id, work_area_id, screen_id, active) VALUES ('1.09', 1, 1, 4, true);
INSERT INTO Work_station ( work_place, zone_id, work_area_id, screen_id, active) VALUES ('1.10', 1, 3, 2, true);
INSERT INTO Work_station ( work_place, zone_id, work_area_id, screen_id, active) VALUES ('2.07', 2, 1, 3, true);
INSERT INTO Work_station ( work_place, zone_id, work_area_id, screen_id, active) VALUES ('2.08', 2, 2, 5, true);
INSERT INTO Work_station ( work_place, zone_id, work_area_id, screen_id, active) VALUES ('2.09', 2, 1, 4, true);
INSERT INTO Work_station ( work_place, zone_id, work_area_id, screen_id, active) VALUES ('2.10', 2, 1, 3, true);
INSERT INTO Work_station ( work_place, zone_id, work_area_id, screen_id, active) VALUES ('3.06', 3, 1, 3, true);
INSERT INTO Work_station ( work_place, zone_id, work_area_id, screen_id, active) VALUES ('3.07', 3, 1, 3, true);
INSERT INTO Work_station ( work_place, zone_id, work_area_id, screen_id, active) VALUES ('3.09', 3, 2, 5, true);
INSERT INTO Work_station ( work_place, zone_id, work_area_id, screen_id, active) VALUES ('3.10', 3, 1, 4, true);
INSERT INTO Work_station ( work_place, zone_id, work_area_id, screen_id, active) VALUES ('1.11', 1, 1, 5, true);
INSERT INTO Work_station ( work_place, zone_id, work_area_id, screen_id, active) VALUES ('2.11', 2, 1, 4, true);
INSERT INTO Work_station ( work_place, zone_id, work_area_id, screen_id, active) VALUES ('3.11', 3, 2, 1, true);
INSERT INTO Work_station ( work_place, zone_id, work_area_id, screen_id, active) VALUES ('1.12', 1, 2, 1, true);

INSERT INTO Work_station ( work_place, zone_id, work_area_id, screen_id, active) VALUES ('4.01', 4, 1, 2, true);
INSERT INTO Work_station ( work_place, zone_id, work_area_id, screen_id, active) VALUES ('4.02', 4, 1, 3, false);
INSERT INTO Work_station ( work_place, zone_id, work_area_id, screen_id, active) VALUES ('4.03', 4, 2, 1, true);
INSERT INTO Work_station ( work_place, zone_id, work_area_id, screen_id, active) VALUES ('5.01', 5, 1, 4, true);
INSERT INTO Work_station ( work_place, zone_id, work_area_id, screen_id, active) VALUES ('5.02', 5, 2, 5, true);
INSERT INTO Work_station ( work_place, zone_id, work_area_id, screen_id, active) VALUES ('5.03', 5, 1, 4, false);
INSERT INTO Work_station ( work_place, zone_id, work_area_id, screen_id, active) VALUES ('6.01', 6, 1, 2, true);
INSERT INTO Work_station ( work_place, zone_id, work_area_id, screen_id, active) VALUES ('6.02', 6, 1, 3, true);
INSERT INTO Work_station ( work_place, zone_id, work_area_id, screen_id, active) VALUES ('6.03', 6, 1, 4, true);
INSERT INTO Work_station ( work_place, zone_id, work_area_id, screen_id, active) VALUES ('7.01', 7, 1, 1, true);


--Insert into workStationEquipmentIds
INSERT INTO work_station_equipment_ids (work_station_id, equipment_id) VALUES (1, 3);
INSERT INTO work_station_equipment_ids (work_station_id, equipment_id) VALUES (12, 2);
INSERT INTO work_station_equipment_ids (work_station_id, equipment_id) VALUES (14, 4);
INSERT INTO work_station_equipment_ids (work_station_id, equipment_id) VALUES (20, 1);
INSERT INTO work_station_equipment_ids (work_station_id, equipment_id) VALUES (2, 3);
INSERT INTO work_station_equipment_ids (work_station_id, equipment_id) VALUES (4, 3);
INSERT INTO work_station_equipment_ids (work_station_id, equipment_id) VALUES (7, 3);
INSERT INTO work_station_equipment_ids (work_station_id, equipment_id) VALUES (3, 1);
INSERT INTO work_station_equipment_ids (work_station_id, equipment_id) VALUES (14, 2);
INSERT INTO work_station_equipment_ids (work_station_id, equipment_id) VALUES (4, 4);
INSERT INTO work_station_equipment_ids (work_station_id, equipment_id) VALUES (15, 3);
INSERT INTO work_station_equipment_ids (work_station_id, equipment_id) VALUES (5, 1);
INSERT INTO work_station_equipment_ids (work_station_id, equipment_id) VALUES (6, 2);
INSERT INTO work_station_equipment_ids (work_station_id, equipment_id) VALUES (10, 2);
INSERT INTO work_station_equipment_ids (work_station_id, equipment_id) VALUES (7, 2);
INSERT INTO work_station_equipment_ids (work_station_id, equipment_id) VALUES (7, 4);
INSERT INTO work_station_equipment_ids (work_station_id, equipment_id) VALUES (8, 1);
INSERT INTO work_station_equipment_ids (work_station_id, equipment_id) VALUES (14, 1);
INSERT INTO work_station_equipment_ids (work_station_id, equipment_id) VALUES (19, 2);
INSERT INTO work_station_equipment_ids (work_station_id, equipment_id) VALUES (9, 2);
INSERT INTO work_station_equipment_ids (work_station_id, equipment_id) VALUES (26, 3);
INSERT INTO work_station_equipment_ids (work_station_id, equipment_id) VALUES (23, 2);
INSERT INTO work_station_equipment_ids (work_station_id, equipment_id) VALUES (15, 3);
INSERT INTO work_station_equipment_ids (work_station_id, equipment_id) VALUES (15, 1);
INSERT INTO work_station_equipment_ids (work_station_id, equipment_id) VALUES (11, 2);
INSERT INTO work_station_equipment_ids (work_station_id, equipment_id) VALUES (12, 2);
INSERT INTO work_station_equipment_ids (work_station_id, equipment_id) VALUES (16, 1);
INSERT INTO work_station_equipment_ids (work_station_id, equipment_id) VALUES (13, 2);
INSERT INTO work_station_equipment_ids (work_station_id, equipment_id) VALUES (27,2);
INSERT INTO work_station_equipment_ids (work_station_id, equipment_id) VALUES (17,1);
INSERT INTO work_station_equipment_ids (work_station_id, equipment_id) VALUES (32,2);
INSERT INTO work_station_equipment_ids (work_station_id, equipment_id) VALUES (34,2);
INSERT INTO work_station_equipment_ids (work_station_id, equipment_id) VALUES (40,2);
INSERT INTO work_station_equipment_ids (work_station_id, equipment_id) VALUES (42,2);
INSERT INTO work_station_equipment_ids (work_station_id, equipment_id) VALUES (45,2);
INSERT INTO work_station_equipment_ids (work_station_id, equipment_id) VALUES (19,1);
INSERT INTO work_station_equipment_ids (work_station_id, equipment_id) VALUES (19,3);
INSERT INTO work_station_equipment_ids (work_station_id, equipment_id) VALUES (20,2);
INSERT INTO work_station_equipment_ids (work_station_id, equipment_id) VALUES (37,3);
INSERT INTO work_station_equipment_ids (work_station_id, equipment_id) VALUES (21,2);
INSERT INTO work_station_equipment_ids (work_station_id, equipment_id) VALUES (22,2);
INSERT INTO work_station_equipment_ids (work_station_id, equipment_id) VALUES (41,3);
INSERT INTO work_station_equipment_ids (work_station_id, equipment_id) VALUES (47,1);

--Insert into userPreferenceFurnitureIds
INSERT INTO work_station_furniture_ids (work_station_id, furniture_id) VALUES (1, 1);
INSERT INTO work_station_furniture_ids (work_station_id, furniture_id) VALUES (1, 3);
INSERT INTO work_station_furniture_ids (work_station_id, furniture_id) VALUES (2, 1);
INSERT INTO work_station_furniture_ids (work_station_id, furniture_id) VALUES (2, 3);
INSERT INTO work_station_furniture_ids (work_station_id, furniture_id) VALUES (3, 1);
INSERT INTO work_station_furniture_ids (work_station_id, furniture_id) VALUES (3, 3);
INSERT INTO work_station_furniture_ids (work_station_id, furniture_id) VALUES (4, 1);
INSERT INTO work_station_furniture_ids (work_station_id, furniture_id) VALUES (4, 3);
INSERT INTO work_station_furniture_ids (work_station_id, furniture_id) VALUES (5, 1);
INSERT INTO work_station_furniture_ids (work_station_id, furniture_id) VALUES (5, 3);
INSERT INTO work_station_furniture_ids (work_station_id, furniture_id) VALUES (6, 4);
INSERT INTO work_station_furniture_ids (work_station_id, furniture_id) VALUES (7, 1);
INSERT INTO work_station_furniture_ids (work_station_id, furniture_id) VALUES (7, 3);
INSERT INTO work_station_furniture_ids (work_station_id, furniture_id) VALUES (8, 3);
INSERT INTO work_station_furniture_ids (work_station_id, furniture_id) VALUES (8, 1);
INSERT INTO work_station_furniture_ids (work_station_id, furniture_id) VALUES (9, 2);
INSERT INTO work_station_furniture_ids (work_station_id, furniture_id) VALUES (9, 4);
INSERT INTO work_station_furniture_ids (work_station_id, furniture_id) VALUES (10, 4);
INSERT INTO work_station_furniture_ids (work_station_id, furniture_id) VALUES (23, 4);
INSERT INTO work_station_furniture_ids (work_station_id, furniture_id) VALUES (11, 2);
INSERT INTO work_station_furniture_ids (work_station_id, furniture_id) VALUES (11, 4);
INSERT INTO work_station_furniture_ids (work_station_id, furniture_id) VALUES (12, 2);
INSERT INTO work_station_furniture_ids (work_station_id, furniture_id) VALUES (12, 4);
INSERT INTO work_station_furniture_ids (work_station_id, furniture_id) VALUES (13, 2);
INSERT INTO work_station_furniture_ids (work_station_id, furniture_id) VALUES (13, 4);
INSERT INTO work_station_furniture_ids (work_station_id, furniture_id) VALUES (14, 1);
INSERT INTO work_station_furniture_ids (work_station_id, furniture_id) VALUES (14, 3);
INSERT INTO work_station_furniture_ids (work_station_id, furniture_id) VALUES (15, 1);
INSERT INTO work_station_furniture_ids (work_station_id, furniture_id) VALUES (15, 3);
INSERT INTO work_station_furniture_ids (work_station_id, furniture_id) VALUES (16, 1);
INSERT INTO work_station_furniture_ids (work_station_id, furniture_id) VALUES (16, 3);
INSERT INTO work_station_furniture_ids (work_station_id, furniture_id) VALUES (27, 4);
INSERT INTO work_station_furniture_ids (work_station_id, furniture_id) VALUES (32, 4);
INSERT INTO work_station_furniture_ids (work_station_id, furniture_id) VALUES (17, 1);
INSERT INTO work_station_furniture_ids (work_station_id, furniture_id) VALUES (17, 3);
INSERT INTO work_station_furniture_ids (work_station_id, furniture_id) VALUES (18, 1);
INSERT INTO work_station_furniture_ids (work_station_id, furniture_id) VALUES (18, 3);
INSERT INTO work_station_furniture_ids (work_station_id, furniture_id) VALUES (19, 1);
INSERT INTO work_station_furniture_ids (work_station_id, furniture_id) VALUES (19, 3);
INSERT INTO work_station_furniture_ids (work_station_id, furniture_id) VALUES (20, 2);
INSERT INTO work_station_furniture_ids (work_station_id, furniture_id) VALUES (20, 4);
INSERT INTO work_station_furniture_ids (work_station_id, furniture_id) VALUES (21, 2);
INSERT INTO work_station_furniture_ids (work_station_id, furniture_id) VALUES (21, 4);
INSERT INTO work_station_furniture_ids (work_station_id, furniture_id) VALUES (26, 1);
INSERT INTO work_station_furniture_ids (work_station_id, furniture_id) VALUES (26, 3);
INSERT INTO work_station_furniture_ids (work_station_id, furniture_id) VALUES (37, 1);
INSERT INTO work_station_furniture_ids (work_station_id, furniture_id) VALUES (37, 3);
INSERT INTO work_station_furniture_ids (work_station_id, furniture_id) VALUES (41, 1);
INSERT INTO work_station_furniture_ids (work_station_id, furniture_id) VALUES (41, 3);
INSERT INTO work_station_furniture_ids (work_station_id, furniture_id) VALUES (34, 4);
INSERT INTO work_station_furniture_ids (work_station_id, furniture_id) VALUES (40, 4);
INSERT INTO work_station_furniture_ids (work_station_id, furniture_id) VALUES (42, 4);
INSERT INTO work_station_furniture_ids (work_station_id, furniture_id) VALUES (45, 4);
INSERT INTO work_station_furniture_ids (work_station_id, furniture_id) VALUES (47, 1);
INSERT INTO work_station_furniture_ids (work_station_id, furniture_id) VALUES (47, 3);
